recipe_id,name,family,flour_g,sugar_g,fat_g,egg_g,milk_g,water_g,salt_g,leavener_g,yeast_g
R0001,Country Loaf #1,lean_bread,509.5,9.8,11.0,0.0,0.0,348.4,12.2,0.0,6.3
R0002,Country Loaf #2,lean_bread,413.6,9.1,10.1,5.5,0.0,295.7,9.2,0.0,7.4
R0003,Country Loaf #3,lean_bread,584.6,9.8,12.3,0.0,0.0,377.9,10.1,19.7,6.5
R0004,Country Loaf #4,lean_bread,516.8,8.6,9.7,0.0,0.0,340.8,10.5,0.0,6.9
R0005,Country Loaf #5,lean_bread,562.4,12.5,8.3,0.0,0.0,371.0,10.4,8.4,9.4
R0006,Country Loaf #6,lean_bread,655.1,12.2,10.6,0.0,5.9,272.0,10.6,0.0,7.8
R0007,Country Loaf #7,lean_bread,418.6,9.1,9.4,0.0,0.0,306.3,10.5,0.0,8.9
R0008,Country Loaf #8,lean_bread,609.5,11.0,7.2,0.0,11.6,300.8,13.1,19.2,8.1
R0009,Country Loaf #9,lean_bread,503.7,13.5,10.3,0.0,0.0,280.2,8.3,6.7,8.5
R0010,Country Loaf #10,lean_bread,446.5,12.9,9.6,19.7,7.2,385.2,10.2,0.0,5.7
R0011,Country Loaf #11,lean_bread,405.2,10.8,11.6,0.0,0.0,376.2,8.3,0.0,7.7
R0012,Country Loaf #12,lean_bread,356.8,10.6,9.2,0.0,0.0,340.2,11.1,0.0,8.7
R0013,Country Loaf #13,lean_bread,557.5,11.3,11.9,13.4,0.0,266.4,9.8,0.0,5.7
R0014,Country Loaf #14,lean_bread,519.8,9.2,8.6,0.0,0.0,348.2,12.2,0.0,8.2
R0015,Country Loaf #15,lean_bread,617.0,11.9,7.0,0.0,0.0,351.7,10.6,0.0,7.3
R0016,Brioche #16,enriched_bread,473.8,45.1,49.2,88.6,294.0,47.9,10.1,0.0,6.5
R0017,Brioche #17,enriched_bread,499.1,48.0,52.3,98.4,209.3,34.9,10.8,0.0,6.5
R0018,Brioche #18,enriched_bread,482.6,78.8,49.6,101.3,200.0,64.0,11.5,0.0,7.1
R0019,Brioche #19,enriched_bread,573.7,63.4,54.8,97.7,200.4,58.3,7.5,0.0,6.8
R0020,Brioche #20,enriched_bread,427.6,65.8,48.5,93.7,270.3,46.6,12.3,0.0,6.5
R0021,Brioche #21,enriched_bread,373.5,49.3,58.9,99.2,239.6,64.0,8.2,0.0,6.5
R0022,Brioche #22,enriched_bread,546.0,54.3,45.6,78.6,278.9,56.4,9.3,0.0,5.8
R0023,Brioche #23,enriched_bread,465.8,73.8,51.0,141.4,222.2,54.5,9.7,6.9,6.4
R0024,Brioche #24,enriched_bread,439.0,95.0,49.4,73.9,226.8,55.4,9.3,0.0,8.1
R0025,Brioche #25,enriched_bread,488.7,55.9,43.0,90.0,200.4,59.9,12.7,7.7,5.4
R0026,Brioche #26,enriched_bread,432.7,37.7,42.1,121.5,237.4,56.8,9.3,0.0,7.2
R0027,Brioche #27,enriched_bread,472.2,88.0,47.6,83.3,257.7,49.7,11.7,0.0,7.9
R0028,Brioche #28,enriched_bread,568.2,54.3,51.2,88.3,355.4,45.0,9.3,0.0,6.6
R0029,Brioche #29,enriched_bread,499.6,67.3,45.6,97.3,202.1,44.2,15.1,0.0,6.2
R0030,Brioche #30,enriched_bread,409.1,51.8,49.8,100.5,223.6,41.2,12.4,0.0,6.6
R0031,Croissant #31,laminated,483.7,36.9,193.1,0.0,102.2,86.0,9.1,0.0,10.1
R0032,Croissant #32,laminated,403.2,44.0,335.9,0.0,130.6,95.7,10.5,0.0,13.6
R0033,Croissant #33,laminated,598.9,44.0,326.2,10.3,128.4,104.0,10.0,0.0,10.9
R0034,Croissant #34,laminated,504.2,42.6,288.4,0.0,144.3,84.7,11.7,6.3,11.5
R0035,Croissant #35,laminated,435.5,44.3,316.1,0.0,101.7,104.6,11.5,0.0,12.8
R0036,Croissant #36,laminated,472.6,40.4,287.2,0.0,95.7,110.1,9.7,0.0,11.4
R0037,Croissant #37,laminated,524.6,34.1,358.6,0.0,102.7,103.6,12.5,7.3,9.7
R0038,Croissant #38,laminated,485.9,39.9,386.6,10.1,162.6,94.2,8.8,0.0,11.9
R0039,Croissant #39,laminated,473.2,41.3,340.5,0.0,97.6,135.0,11.5,0.0,10.6
R0040,Croissant #40,laminated,432.4,40.7,272.2,0.0,135.5,105.6,9.4,0.0,14.7
R0041,Croissant #41,laminated,424.3,36.5,345.6,0.0,124.2,119.0,8.5,0.0,10.5
R0042,Croissant #42,laminated,509.3,35.5,278.9,0.0,109.3,86.0,10.6,0.0,11.2
R0043,Croissant #43,laminated,484.7,36.7,324.9,0.0,152.4,84.8,10.6,0.0,11.4
R0044,Croissant #44,laminated,545.7,32.2,412.2,13.6,101.4,118.8,9.4,14.5,14.2
R0045,Croissant #45,laminated,476.5,25.6,267.7,0.0,112.3,112.2,11.6,0.0,9.6
R0046,Pâte à Choux #46,choux,153.8,11.8,95.6,274.4,0.0,202.4,4.9,0.0,0.0
R0047,Pâte à Choux #47,choux,167.5,8.7,115.4,217.0,0.0,282.2,4.0,0.0,0.0
R0048,Pâte à Choux #48,choux,115.2,11.2,117.2,224.5,0.0,282.2,6.1,10.8,0.0
R0049,Pâte à Choux #49,choux,124.7,10.5,106.6,227.0,0.0,227.7,4.4,0.0,0.0
R0050,Pâte à Choux #50,choux,123.4,11.3,82.3,149.5,0.0,285.0,5.9,0.0,0.0
R0051,Pâte à Choux #51,choux,122.6,9.6,95.0,137.3,0.0,233.3,6.3,0.0,0.0
R0052,Pâte à Choux #52,choux,117.8,9.6,55.7,214.4,0.0,312.7,4.6,0.0,0.0
R0053,Pâte à Choux #53,choux,104.8,9.0,95.0,245.1,19.1,245.2,5.2,0.0,0.0
R0054,Pâte à Choux #54,choux,94.2,9.7,110.5,163.6,0.0,291.4,5.4,0.0,11.6
R0055,Pâte à Choux #55,choux,130.7,10.0,106.8,222.8,0.0,229.8,5.1,0.0,0.0
R0056,Pâte à Choux #56,choux,151.9,8.6,133.5,265.1,16.6,185.6,4.9,0.0,0.0
R0057,Pâte à Choux #57,choux,111.8,9.7,111.7,185.2,9.7,236.3,6.2,0.0,0.0
R0058,Pâte à Choux #58,choux,118.9,13.1,112.9,194.0,0.0,253.8,4.2,0.0,0.0
R0059,Pâte à Choux #59,choux,130.4,12.1,104.3,225.7,0.0,239.2,5.1,0.0,0.0
R0060,Pâte à Choux #60,choux,141.0,9.3,105.5,212.8,0.0,246.4,4.8,0.0,0.0
R0061,Pound Cake #61,pound_cake,236.8,220.0,236.2,255.2,0.0,0.0,5.4,0.0,0.0
R0062,Pound Cake #62,pound_cake,293.5,232.8,280.7,247.8,0.0,0.0,4.4,0.0,11.9
R0063,Pound Cake #63,pound_cake,252.9,225.4,305.3,207.3,9.0,0.0,4.4,0.0,0.0
R0064,Pound Cake #64,pound_cake,214.2,275.4,198.9,230.0,0.0,0.0,5.5,0.0,0.0
R0065,Pound Cake #65,pound_cake,199.1,197.7,251.9,210.2,0.0,0.0,7.0,0.0,0.0
R0066,Pound Cake #66,pound_cake,258.1,281.2,204.4,234.4,16.3,0.0,4.5,0.0,0.0
R0067,Pound Cake #67,pound_cake,173.8,209.0,268.5,315.8,0.0,0.0,5.7,0.0,0.0
R0068,Pound Cake #68,pound_cake,193.8,251.2,191.9,238.3,0.0,0.0,5.0,0.0,0.0
R0069,Pound Cake #69,pound_cake,270.4,286.4,324.2,255.7,0.0,0.0,4.6,0.0,6.1
R0070,Pound Cake #70,pound_cake,228.2,177.2,254.0,206.8,0.0,0.0,4.6,0.0,11.9
R0071,Pound Cake #71,pound_cake,289.4,237.0,279.7,225.5,0.0,0.0,4.6,0.0,0.0
R0072,Pound Cake #72,pound_cake,194.1,223.3,295.7,244.6,0.0,0.0,5.3,12.7,0.0
R0073,Pound Cake #73,pound_cake,208.2,212.8,308.4,261.2,0.0,0.0,5.3,11.4,0.0
R0074,Pound Cake #74,pound_cake,255.7,284.0,228.3,307.3,0.0,8.0,4.4,0.0,12.0
R0075,Pound Cake #75,pound_cake,303.9,237.3,238.9,292.1,19.1,0.0,5.4,0.0,0.0
R0076,Butter Cake #76,butter_cake,255.4,322.5,153.5,109.1,117.9,0.0,4.8,9.5,0.0
R0077,Butter Cake #77,butter_cake,216.9,284.7,110.6,130.1,135.9,0.0,5.7,10.7,0.0
R0078,Butter Cake #78,butter_cake,268.4,288.2,179.3,113.9,96.4,0.0,6.6,8.7,0.0
R0079,Butter Cake #79,butter_cake,225.6,283.4,151.0,99.6,115.1,0.0,4.6,8.4,0.0
R0080,Butter Cake #80,butter_cake,193.2,360.2,161.9,90.0,109.7,0.0,4.5,8.0,16.6
R0081,Butter Cake #81,butter_cake,268.2,324.7,184.4,91.4,155.8,0.0,5.4,14.3,0.0
R0082,Butter Cake #82,butter_cake,282.8,268.5,177.8,123.1,112.1,0.0,4.8,10.0,10.3
R0083,Butter Cake #83,butter_cake,270.7,335.1,158.2,84.2,139.6,0.0,4.2,10.9,0.0
R0084,Butter Cake #84,butter_cake,213.8,434.7,125.1,92.5,100.9,0.0,4.9,9.5,0.0
R0085,Butter Cake #85,butter_cake,228.6,270.5,136.2,133.4,139.8,5.2,5.6,8.5,0.0
R0086,Butter Cake #86,butter_cake,214.0,247.2,152.3,107.5,131.9,0.0,5.3,9.6,0.0
R0087,Butter Cake #87,butter_cake,246.6,299.8,134.9,127.9,134.2,8.4,4.5,10.8,0.0
R0088,Butter Cake #88,butter_cake,259.0,264.9,177.3,123.2,143.5,0.0,4.6,8.7,0.0
R0089,Butter Cake #89,butter_cake,225.3,294.6,149.6,119.3,110.4,0.0,5.7,8.7,0.0
R0090,Butter Cake #90,butter_cake,247.2,321.8,148.6,119.7,103.4,0.0,4.4,10.8,18.2
R0091,Oil Cake #91,oil_cake,218.7,315.9,133.1,136.6,167.6,0.0,6.0,9.8,0.0
R0092,Oil Cake #92,oil_cake,264.1,291.3,132.5,114.7,120.7,0.0,6.5,8.8,0.0
R0093,Oil Cake #93,oil_cake,232.5,283.8,123.2,121.7,143.3,0.0,5.0,9.3,0.0
R0094,Oil Cake #94,oil_cake,237.0,270.7,94.8,112.0,112.6,0.0,4.8,11.1,0.0
R0095,Oil Cake #95,oil_cake,234.1,303.7,115.8,124.0,132.7,0.0,5.2,9.7,14.7
R0096,Oil Cake #96,oil_cake,231.8,273.7,100.0,103.9,90.5,0.0,6.1,9.2,0.0
R0097,Oil Cake #97,oil_cake,249.9,252.1,146.7,131.0,92.3,0.0,4.3,9.7,0.0
R0098,Oil Cake #98,oil_cake,239.0,331.2,134.5,94.7,111.8,0.0,4.6,9.7,0.0
R0099,Oil Cake #99,oil_cake,262.2,243.9,123.2,109.5,100.0,10.4,4.2,10.0,0.0
R0100,Oil Cake #100,oil_cake,210.5,272.4,102.7,104.4,117.1,0.0,5.5,14.5,0.0
R0101,Oil Cake #101,oil_cake,213.8,268.8,95.0,113.4,129.5,0.0,4.3,10.5,0.0
R0102,Oil Cake #102,oil_cake,325.3,252.1,105.4,121.0,77.3,0.0,4.8,9.3,0.0
R0103,Oil Cake #103,oil_cake,241.0,249.2,134.4,104.6,115.0,0.0,5.4,6.8,0.0
R0104,Oil Cake #104,oil_cake,280.2,265.2,95.4,126.0,126.2,0.0,4.2,8.9,0.0
R0105,Oil Cake #105,oil_cake,219.2,209.9,106.9,118.9,111.2,0.0,5.1,11.4,0.0
R0106,Genoise #106,genoise,133.9,121.5,20.1,246.5,0.0,0.0,3.1,0.0,0.0
R0107,Genoise #107,genoise,114.3,159.2,23.1,234.1,0.0,0.0,4.0,0.0,0.0
R0108,Genoise #108,genoise,108.6,144.9,35.8,261.7,0.0,0.0,2.4,0.0,0.0
R0109,Genoise #109,genoise,123.6,138.2,29.8,247.1,0.0,0.0,2.7,0.0,0.0
R0110,Genoise #110,genoise,140.9,158.7,32.8,307.5,0.0,0.0,2.6,0.0,0.0
R0111,Genoise #111,genoise,152.9,133.4,29.6,297.3,0.0,0.0,2.9,0.0,0.0
R0112,Genoise #112,genoise,131.2,130.8,31.8,256.6,0.0,10.3,2.6,17.0,0.0
R0113,Genoise #113,genoise,91.1,175.6,30.0,332.8,0.0,0.0,4.6,0.0,0.0
R0114,Genoise #114,genoise,124.2,177.9,25.2,218.2,0.0,0.0,2.5,0.0,0.0
R0115,Genoise #115,genoise,94.0,200.2,24.3,231.1,0.0,0.0,2.8,0.0,0.0
R0116,Genoise #116,genoise,118.4,152.1,21.0,267.1,0.0,0.0,3.7,0.0,0.0
R0117,Genoise #117,genoise,106.9,135.5,32.3,213.6,0.0,0.0,3.6,0.0,16.2
R0118,Genoise #118,genoise,152.2,163.8,32.1,383.3,0.0,0.0,3.4,0.0,0.0
R0119,Genoise #119,genoise,122.8,161.4,34.5,258.3,0.0,0.0,3.1,0.0,0.0
R0120,Genoise #120,genoise,153.3,180.3,31.7,257.9,0.0,0.0,2.6,5.5,0.0
R0121,Chiffon #121,chiffon,139.5,145.6,95.8,204.4,0.0,99.6,3.1,7.4,0.0
R0122,Chiffon #122,chiffon,147.2,177.7,66.9,233.3,0.0,101.7,2.7,8.8,0.0
R0123,Chiffon #123,chiffon,132.5,153.0,76.6,183.7,15.5,102.6,3.5,7.5,0.0
R0124,Chiffon #124,chiffon,118.0,184.4,87.9,191.2,0.0,77.0,2.7,8.6,0.0
R0125,Chiffon #125,chiffon,119.0,109.8,88.5,210.0,0.0,98.5,3.0,8.3,0.0
R0126,Chiffon #126,chiffon,116.3,178.1,88.6,224.2,0.0,99.3,2.8,10.5,7.7
R0127,Chiffon #127,chiffon,112.5,157.6,94.1,243.0,0.0,82.1,2.8,7.3,0.0
R0128,Chiffon #128,chiffon,113.5,182.2,79.6,205.2,0.0,83.8,3.8,6.5,0.0
R0129,Chiffon #129,chiffon,102.6,143.0,87.3,223.4,0.0,93.7,2.5,6.6,0.0
R0130,Chiffon #130,chiffon,159.1,151.5,66.1,158.9,0.0,114.1,2.9,6.8,0.0
R0131,Chiffon #131,chiffon,120.9,166.5,72.5,175.0,0.0,96.6,3.3,8.7,0.0
R0132,Chiffon #132,chiffon,100.8,141.9,83.5,163.7,0.0,82.4,2.7,9.5,0.0
R0133,Chiffon #133,chiffon,159.7,139.0,94.8,229.2,0.0,88.8,3.8,9.0,0.0
R0134,Chiffon #134,chiffon,125.5,131.6,82.5,152.8,0.0,106.5,3.0,7.6,0.0
R0135,Chiffon #135,chiffon,196.1,186.9,71.2,256.8,0.0,100.6,2.7,7.0,0.0
R0136,Angel Food Cake #136,angel_food,89.1,177.9,0.0,302.4,14.8,0.0,2.7,0.0,0.0
R0137,Angel Food Cake #137,angel_food,84.6,221.0,0.0,312.4,0.0,17.9,3.0,0.0,0.0
R0138,Angel Food Cake #138,angel_food,113.0,194.1,0.0,427.4,0.0,0.0,2.8,0.0,10.0
R0139,Angel Food Cake #139,angel_food,98.0,221.2,0.0,401.0,0.0,0.0,2.7,0.0,0.0
R0140,Angel Food Cake #140,angel_food,90.5,198.7,0.0,465.6,0.0,0.0,2.3,0.0,0.0
R0141,Angel Food Cake #141,angel_food,99.9,190.5,0.0,500.2,10.9,0.0,2.9,0.0,0.0
R0142,Angel Food Cake #142,angel_food,98.1,169.7,0.0,366.5,0.0,0.0,3.3,0.0,0.0
R0143,Angel Food Cake #143,angel_food,104.8,211.5,0.0,377.7,0.0,0.0,2.8,0.0,0.0
R0144,Angel Food Cake #144,angel_food,121.4,214.8,0.0,352.4,18.1,12.2,2.7,0.0,0.0
R0145,Angel Food Cake #145,angel_food,122.0,234.0,0.0,297.3,0.0,8.8,2.2,0.0,0.0
R0146,Angel Food Cake #146,angel_food,124.6,171.7,17.7,463.9,0.0,0.0,3.6,0.0,13.9
R0147,Angel Food Cake #147,angel_food,98.5,192.1,0.0,417.5,0.0,0.0,3.3,18.1,0.0
R0148,Angel Food Cake #148,angel_food,104.3,205.5,9.0,376.0,0.0,0.0,2.5,0.0,18.3
R0149,Angel Food Cake #149,angel_food,92.5,182.6,0.0,293.8,14.7,0.0,3.7,0.0,15.8
R0150,Angel Food Cake #150,angel_food,124.4,169.5,0.0,319.3,9.9,0.0,3.1,0.0,0.0
R0151,Muffin #151,muffin,276.4,163.7,111.9,85.2,238.8,0.0,4.4,11.8,0.0
R0152,Muffin #152,muffin,340.4,127.5,102.6,98.9,259.8,0.0,5.3,10.4,0.0
R0153,Muffin #153,muffin,285.8,138.9,134.5,96.5,218.2,0.0,4.8,9.8,0.0
R0154,Muffin #154,muffin,233.5,190.6,135.0,91.8,274.9,0.0,5.2,14.5,0.0
R0155,Muffin #155,muffin,255.9,130.5,84.5,99.0,251.9,17.2,5.8,8.4,0.0
R0156,Muffin #156,muffin,213.7,177.3,105.2,109.9,221.3,14.0,5.9,11.4,0.0
R0157,Muffin #157,muffin,293.1,192.9,87.7,120.0,214.5,0.0,4.7,12.6,0.0
R0158,Muffin #158,muffin,253.9,156.8,103.3,96.8,219.3,0.0,4.7,11.5,0.0
R0159,Muffin #159,muffin,230.5,151.9,104.8,99.0,233.5,15.3,5.5,9.2,0.0
R0160,Muffin #160,muffin,277.9,162.1,110.7,104.8,211.2,0.0,4.1,13.9,0.0
R0161,Muffin #161,muffin,200.4,141.3,119.8,91.6,200.1,0.0,4.4,9.9,0.0
R0162,Muffin #162,muffin,281.8,138.1,108.2,94.4,236.4,0.0,6.3,12.9,0.0
R0163,Muffin #163,muffin,270.1,145.1,93.2,88.2,239.1,0.0,4.7,9.7,0.0
R0164,Muffin #164,muffin,254.8,154.1,138.7,97.4,279.7,0.0,5.0,12.1,0.0
R0165,Muffin #165,muffin,326.3,119.6,99.4,123.1,236.2,10.9,5.4,13.1,0.0
R0166,Chocolate Chip Cookie #166,drop_cookie,279.8,230.5,144.0,94.5,0.0,0.0,5.2,8.8,13.6
R0167,Chocolate Chip Cookie #167,drop_cookie,208.0,168.2,224.7,85.4,0.0,0.0,5.8,6.2,0.0
R0168,Chocolate Chip Cookie #168,drop_cookie,300.0,236.4,180.8,96.2,0.0,15.6,5.4,8.7,13.0
R0169,Chocolate Chip Cookie #169,drop_cookie,287.5,168.2,141.0,102.5,0.0,0.0,6.3,7.3,0.0
R0170,Chocolate Chip Cookie #170,drop_cookie,264.8,285.2,137.8,92.1,0.0,0.0,4.4,10.3,0.0
R0171,Chocolate Chip Cookie #171,drop_cookie,284.7,213.6,134.6,102.8,0.0,0.0,5.2,7.6,0.0
R0172,Chocolate Chip Cookie #172,drop_cookie,245.2,158.5,145.0,82.6,0.0,0.0,5.4,8.4,0.0
R0173,Chocolate Chip Cookie #173,drop_cookie,356.7,199.2,244.3,87.8,6.8,0.0,5.3,7.6,0.0
R0174,Chocolate Chip Cookie #174,drop_cookie,345.7,172.0,194.5,118.0,0.0,0.0,3.8,7.1,18.5
R0175,Chocolate Chip Cookie #175,drop_cookie,243.0,196.9,196.7,112.2,13.7,0.0,5.1,7.2,19.8
R0176,Chocolate Chip Cookie #176,drop_cookie,329.7,184.7,124.5,109.2,0.0,0.0,4.7,11.2,0.0
R0177,Chocolate Chip Cookie #177,drop_cookie,286.3,166.7,111.4,102.1,0.0,8.2,4.1,6.3,0.0
R0178,Chocolate Chip Cookie #178,drop_cookie,278.1,175.4,157.1,89.7,0.0,0.0,5.7,7.7,0.0
R0179,Chocolate Chip Cookie #179,drop_cookie,242.7,245.4,234.0,104.1,0.0,0.0,4.0,7.9,0.0
R0180,Chocolate Chip Cookie #180,drop_cookie,259.8,192.3,134.9,78.9,15.4,0.0,4.0,10.3,0.0
R0181,Shortbread #181,shortbread,258.5,103.4,189.9,0.0,0.0,11.5,3.8,6.3,7.7
R0182,Shortbread #182,shortbread,232.6,94.0,204.9,0.0,0.0,0.0,6.4,0.0,0.0
R0183,Shortbread #183,shortbread,236.7,78.9,180.4,0.0,18.7,0.0,4.0,0.0,0.0
R0184,Shortbread #184,shortbread,250.9,84.0,199.3,14.8,0.0,0.0,5.1,0.0,0.0
R0185,Shortbread #185,shortbread,266.7,62.7,224.1,0.0,0.0,11.0,5.3,0.0,0.0
R0186,Shortbread #186,shortbread,266.0,88.9,186.4,0.0,0.0,0.0,4.9,0.0,0.0
R0187,Shortbread #187,shortbread,282.8,86.2,218.9,0.0,0.0,0.0,5.0,0.0,0.0
R0188,Shortbread #188,shortbread,286.1,100.4,214.2,0.0,0.0,0.0,4.2,0.0,0.0
R0189,Shortbread #189,shortbread,283.0,88.3,212.1,0.0,0.0,0.0,4.5,0.0,0.0
R0190,Shortbread #190,shortbread,206.4,83.6,201.4,0.0,0.0,0.0,4.6,0.0,0.0
R0191,Shortbread #191,shortbread,242.6,99.0,233.2,0.0,0.0,0.0,4.0,6.7,0.0
R0192,Shortbread #192,shortbread,248.0,75.4,247.8,0.0,0.0,0.0,5.2,0.0,0.0
R0193,Shortbread #193,shortbread,208.4,92.6,247.6,0.0,0.0,17.6,6.5,0.0,0.0
R0194,Shortbread #194,shortbread,284.9,109.6,189.6,8.1,0.0,0.0,6.0,0.0,0.0
R0195,Shortbread #195,shortbread,272.9,82.6,169.2,0.0,0.0,0.0,5.7,0.0,0.0
R0196,Sugar Cookie #196,sugar_cookie,215.5,201.9,172.4,54.2,0.0,6.5,4.8,4.9,0.0
R0197,Sugar Cookie #197,sugar_cookie,271.6,191.8,167.1,61.4,13.2,0.0,4.5,6.5,0.0
R0198,Sugar Cookie #198,sugar_cookie,260.8,196.9,124.3,74.1,0.0,0.0,5.5,6.2,0.0
R0199,Sugar Cookie #199,sugar_cookie,226.5,195.3,140.5,66.1,0.0,0.0,6.3,6.2,0.0
R0200,Sugar Cookie #200,sugar_cookie,224.3,201.3,136.6,72.2,0.0,0.0,3.7,6.0,0.0
R0201,Sugar Cookie #201,sugar_cookie,282.7,178.1,126.6,57.0,0.0,0.0,5.4,4.2,5.3
R0202,Sugar Cookie #202,sugar_cookie,288.4,182.8,133.2,66.2,0.0,0.0,4.9,4.9,0.0
R0203,Sugar Cookie #203,sugar_cookie,307.4,231.1,150.0,58.5,0.0,0.0,5.3,5.9,0.0
R0204,Sugar Cookie #204,sugar_cookie,260.3,147.8,201.2,65.9,0.0,0.0,4.2,5.5,0.0
R0205,Sugar Cookie #205,sugar_cookie,294.5,149.9,142.2,46.9,0.0,0.0,4.0,7.4,0.0
R0206,Sugar Cookie #206,sugar_cookie,229.7,216.3,146.7,62.2,0.0,0.0,6.5,5.7,0.0
R0207,Sugar Cookie #207,sugar_cookie,331.9,208.4,110.6,62.1,0.0,0.0,4.3,6.3,0.0
R0208,Sugar Cookie #208,sugar_cookie,202.6,188.9,159.4,54.0,0.0,0.0,4.5,6.8,0.0
R0209,Sugar Cookie #209,sugar_cookie,281.4,194.8,152.9,72.6,0.0,5.8,5.3,4.5,0.0
R0210,Sugar Cookie #210,sugar_cookie,233.6,168.2,168.4,50.8,0.0,5.9,4.5,5.4,0.0
R0211,Pie Crust #211,pie_dough,227.8,24.1,212.1,0.0,0.0,58.7,7.5,0.0,0.0
R0212,Pie Crust #212,pie_dough,284.8,21.7,222.8,11.1,6.3,45.0,6.5,0.0,0.0
R0213,Pie Crust #213,pie_dough,293.7,24.5,285.6,0.0,0.0,67.2,5.5,0.0,0.0
R0214,Pie Crust #214,pie_dough,317.1,21.3,204.0,0.0,0.0,46.6,5.9,0.0,0.0
R0215,Pie Crust #215,pie_dough,266.2,18.8,302.6,0.0,5.9,58.5,4.8,12.3,0.0
R0216,Pie Crust #216,pie_dough,310.5,18.1,233.5,0.0,0.0,75.2,6.4,0.0,0.0
R0217,Pie Crust #217,pie_dough,402.0,22.3,223.2,0.0,0.0,80.1,4.4,0.0,18.1
R0218,Pie Crust #218,pie_dough,294.3,14.5,296.6,0.0,0.0,58.9,6.0,0.0,5.2
R0219,Pie Crust #219,pie_dough,314.2,22.6,224.2,10.1,0.0,60.6,6.4,0.0,0.0
R0220,Pie Crust #220,pie_dough,304.5,19.0,265.0,0.0,0.0,59.1,6.0,7.0,0.0
R0221,Pie Crust #221,pie_dough,240.1,17.9,205.5,0.0,0.0,74.8,5.1,15.8,0.0
R0222,Pie Crust #222,pie_dough,344.3,21.0,222.8,0.0,0.0,54.2,6.6,0.0,6.6
R0223,Pie Crust #223,pie_dough,333.6,22.0,255.7,12.5,0.0,76.0,5.6,0.0,0.0
R0224,Pie Crust #224,pie_dough,276.2,15.6,185.9,0.0,0.0,48.0,5.8,0.0,0.0
R0225,Pie Crust #225,pie_dough,279.4,20.9,241.2,13.2,0.0,63.7,5.6,0.0,0.0
R0226,Assorted Bake #226,other,227.0,99.8,83.2,77.4,99.5,77.9,5.9,4.3,2.6
R0227,Assorted Bake #227,other,207.0,115.2,112.2,73.7,66.4,92.2,4.5,6.3,2.7
R0228,Assorted Bake #228,other,270.2,113.3,112.7,87.8,111.6,79.0,4.3,5.0,2.7
R0229,Assorted Bake #229,other,264.5,107.8,125.6,82.4,69.1,74.6,4.5,6.2,2.6
R0230,Assorted Bake #230,other,303.0,113.8,96.5,91.9,71.5,80.0,6.5,6.4,3.1
R0231,Assorted Bake #231,other,232.8,103.4,130.0,78.1,106.3,72.2,6.0,5.8,3.2
R0232,Assorted Bake #232,other,300.1,128.2,112.8,63.3,74.7,108.7,4.8,6.3,2.9
R0233,Assorted Bake #233,other,227.7,95.9,84.3,103.0,79.1,66.9,4.4,6.8,2.6
R0234,Assorted Bake #234,other,227.6,101.5,82.8,102.5,78.3,76.2,4.6,6.7,3.0
R0235,Assorted Bake #235,other,261.2,122.5,94.8,74.4,61.7,74.3,6.9,5.0,3.0
R0236,Assorted Bake #236,other,262.9,143.5,149.0,75.4,70.1,93.8,5.2,8.1,3.3
R0237,Assorted Bake #237,other,226.1,116.5,106.6,86.2,67.5,59.9,3.9,6.6,2.9
R0238,Assorted Bake #238,other,189.9,110.5,74.8,76.9,70.3,73.6,4.9,6.2,3.0
R0239,Assorted Bake #239,other,303.4,172.0,113.6,77.8,89.6,71.7,4.4,5.3,3.1
R0240,Assorted Bake #240,other,301.0,167.5,122.0,88.8,72.2,80.9,5.4,5.9,4.0
R0241,Assorted Bake #241,other,0.0,200.0,100.0,150.0,120.0,0.0,3.0,8.0,0.0
R0242,Assorted Bake #242,other,0.0,150.0,80.0,100.0,200.0,0.0,3.0,0.0,0.0
